,Category Names,Percentages Expenses,Amount For Each Expense,Total Monthly Income Before Expenses
0,Entertainment,5.506527593141766,-32309,586740
1,Dining,5.501585029144084,-32280,586740
2,Groceries,6.918396564065856,-40593,586740
3,Healthcare,5.876538160002727,-34480,586740
4,Rent,29.76173432866346,-174624,586740
5,Transport,6.782049971026349,-39793,586740
6,Utilities,5.664348774584995,-33235,586740
